0,1,2,3,4,5,6,7,8,9,order
Gray,White,White,White,White,White,White,Gray,White,Gray,1
Gray,Silver,Silver,Gray,Silver,Silver,Silver,Gray,Silver,Gray,2
Beige,Beige,Beige,Beige,Beige,Beige,Beige,Beige,Beige,Beige,3
Beige,Beige,Beige,Beige,Beige,Beige,Beige,Beige,Beige,Beige,4
Beige,Beige,Beige,Beige,Beige,Beige,Beige,Beige,Beige,Beige,5
Beige,Beige,Beige,Beige,Beige,Beige,Beige,Beige,Beige,Beige,6
Beige,Beige,Beige,Beige,Beige,Beige,Beige,Beige,Beige,Beige,7
Beige,Beige,Beige,Beige,Beige,Beige,Beige,Beige,Beige,Beige,8
Beige,Beige,Beige,Beige,Beige,Beige,Beige,Beige,Beige,Beige,9
Beige,Beige,Beige,Beige,Beige,Beige,Beige,Beige,Beige,Beige,10
Beige,Beige,Beige,Beige,Beige,Beige,Beige,Beige,Beige,Beige,11
Beige,Gold,Yellow,Beige,Beige,Gold,Yellow,Gold,Yellow,Beige,12
Beige,Gold,Beige,Beige,Beige,Beige,Beige,Beige,Yellow,Beige,13
Beige,Beige,Beige,Beige,Beige,Beige,Beige,Beige,Beige,Beige,14
Beige,Yellow,Yellow,Beige,Beige,Yellow,Yellow,Yellow,Yellow,Yellow,15
Beige,Beige,Beige,Beige,Beige,Beige,Beige,Beige,Beige,Beige,16
Beige,Beige,Beige,Beige,Beige,Beige,Beige,Beige,Beige,Beige,17
Green,Green,Green,Turquoise,Green,Green,Green,Green,Green,Green,18
Turquoise,Turquoise,Turquoise,Turquoise,Beige,Turquoise,Turquoise,Turquoise,Turquoise,Green,19
Beige,Beige,Beige,Turquoise,Beige,Beige,Beige,Beige,Beige,Beige,20
Turquoise,Silver,Turquoise,Turquoise,Beige,Turquoise,Silver,Turquoise,Turquoise,Gray,21
Turquoise,Turquoise,Turquoise,Turquoise,Turquoise,Turquoise,Turquoise,Turquoise,Turquoise,Turquoise,22
Turquoise,Turquoise,Turquoise,Turquoise,Turquoise,Turquoise,Turquoise,Turquoise,Turquoise,Turquoise,23
Turquoise,Silver,Silver,Turquoise,Silver,Silver,Silver,Turquoise,Silver,Beige,24
Turquoise,Turquoise,Silver,Turquoise,Silver,Turquoise,Turquoise,Turquoise,Turquoise,Turquoise,25
Turquoise,Turquoise,Beige,Turquoise,Beige,Beige,Beige,Turquoise,Turquoise,Beige,26
Turquoise,Turquoise,Turquoise,Turquoise,Turquoise,Turquoise,Turquoise,Turquoise,Turquoise,Turquoise,27
Turquoise,Turquoise,Turquoise,Turquoise,Turquoise,Turquoise,Turquoise,Turquoise,Turquoise,Turquoise,28
Turquoise,Turquoise,Turquoise,Turquoise,Turquoise,Turquoise,Turquoise,Turquoise,Silver,Turquoise,29
Turquoise,Blue,Silver,Turquoise,Blue,Blue,Silver,Turquoise,Silver,Blue,30
Silver,Silver,Beige,Turquoise,Silver,Beige,Silver,Silver,Silver,Beige,31
Silver,Silver,White,Blue,Silver,Silver,Silver,Silver,White,Silver,32
Silver,Silver,Silver,Gray,Silver,Silver,Silver,Silver,Silver,Silver,33
Gray,Gray,Silver,Gray,Silver,Gray,Silver,Silver,Silver,Gray,34
Silver,Gray,Silver,Silver,Silver,Gray,Silver,Silver,Silver,Gray,35
Gray,Gray,Purple,Gray,Beige,Beige,Purple,Purple,Gray,Gray,36
Beige,Beige,Beige,Beige,Beige,Beige,Beige,Beige,Beige,Beige,37
Pink,Purple,Pink,Purple,Pink,Pink,Purple,Purple,Purple,Purple,38
Silver,Silver,Silver,Gray,Silver,Gray,Silver,Purple,Gray,Gray,39
Beige,Beige,Pink,Beige,Beige,Beige,Beige,Pink,Beige,Beige,40
Beige,Silver,Beige,Silver,Beige,Beige,Beige,Pink,Beige,Beige,41
Beige,Silver,Beige,Beige,Beige,Beige,Silver,Pink,Beige,Beige,42
Gray,Gray,Gray,Gray,Gray,Gray,Gray,Gray,Gray,Gray,43
Pink,Pink,Pink,Pink,Pink,Pink,Pink,Pink,Pink,Pink,44
Pink,Pink,Pink,Pink,Pink,Pink,Pink,Pink,Pink,Pink,45
Orange,Pink,Orange,Orange,Orange,Orange,Orange,Orange,Orange,Orange,46
Beige,Beige,Beige,Beige,Beige,Beige,Beige,Beige,Beige,Beige,47
Beige,Beige,Beige,Beige,Beige,Beige,Beige,Beige,Beige,Beige,48
Beige,Beige,Beige,Beige,Beige,Beige,Beige,Beige,Beige,Beige,49
Yellow,Yellow,Gold,Orange,Yellow,Yellow,Gold,Yellow,Yellow,Yellow,50
Gold,Yellow,Gold,Orange,Orange,Yellow,Orange,Orange,Orange,Orange,51
Yellow,Yellow,Gold,Gold,Yellow,Gold,Gold,Gold,Yellow,Yellow,52
Gold,Gold,Gold,Gold,Yellow,Yellow,Gold,Gold,Yellow,Yellow,53
Gold,Yellow,Gold,Gold,Yellow,Gold,Gold,Yellow,Yellow,Yellow,54
Yellow,Yellow,Gold,Gold,Yellow,Gold,Yellow,Yellow,Yellow,Yellow,55
Yellow,Yellow,Yellow,Yellow,Yellow,Yellow,Yellow,Yellow,Yellow,Yellow,56
Green,Green,Green,Green,Green,Green,Yellow,Green,Green,Green,57
Green,Green,Green,Green,Green,Green,Green,Green,Green,Green,58
Green,Green,Green,Green,Green,Green,Green,Green,Green,Green,59
Turquoise,Turquoise,Turquoise,Turquoise,Green,Turquoise,Turquoise,Turquoise,Turquoise,Turquoise,60
Turquoise,Turquoise,Turquoise,Turquoise,Turquoise,Turquoise,Turquoise,Turquoise,Turquoise,Turquoise,61
Turquoise,Turquoise,Turquoise,Turquoise,Turquoise,Turquoise,Turquoise,Turquoise,Turquoise,Turquoise,62
Turquoise,Turquoise,Turquoise,Turquoise,Turquoise,Turquoise,Turquoise,Turquoise,Turquoise,Turquoise,63
Turquoise,Turquoise,Turquoise,Turquoise,Turquoise,Turquoise,Turquoise,Turquoise,Turquoise,Turquoise,64
Turquoise,Turquoise,Turquoise,Turquoise,Turquoise,Turquoise,Turquoise,Turquoise,Turquoise,Turquoise,65
Turquoise,Turquoise,Turquoise,Turquoise,Turquoise,Turquoise,Turquoise,Turquoise,Turquoise,Turquoise,66
Turquoise,Turquoise,Turquoise,Turquoise,Turquoise,Turquoise,Turquoise,Turquoise,Turquoise,Turquoise,67
Turquoise,Turquoise,Turquoise,Turquoise,Turquoise,Turquoise,Turquoise,Turquoise,Turquoise,Turquoise,68
Turquoise,Turquoise,Turquoise,Turquoise,Turquoise,Turquoise,Turquoise,Turquoise,Turquoise,Turquoise,69
Turquoise,Turquoise,Turquoise,Turquoise,Blue,Turquoise,Turquoise,Turquoise,Turquoise,Turquoise,70
Turquoise,Turquoise,Blue,Turquoise,Blue,Turquoise,Turquoise,Turquoise,Turquoise,Turquoise,71
Blue,Turquoise,Blue,Turquoise,Turquoise,Turquoise,Blue,Turquoise,Turquoise,Turquoise,72
Turquoise,Blue,Blue,Turquoise,Blue,Turquoise,Blue,Blue,Turquoise,Turquoise,73
Silver,Silver,Silver,Silver,Silver,Silver,Silver,Silver,Silver,Gray,74
Silver,Gray,Silver,Gray,Silver,Silver,Silver,Purple,Silver,Gray,75
Purple,Purple,Purple,Purple,Purple,Purple,Purple,Purple,Purple,Purple,76
Purple,Purple,Purple,Purple,Purple,Purple,Purple,Purple,Purple,Purple,77
Purple,Purple,Purple,Purple,Purple,Purple,Purple,Purple,Purple,Purple,78
Pink,Purple,Pink,Pink,Pink,Purple,Pink,Purple,Pink,Purple,79
Pink,Pink,Pink,Pink,Pink,Pink,Pink,Pink,Pink,Pink,80
Pink,Pink,Pink,Pink,Pink,Pink,Pink,Pink,Pink,Pink,81
Pink,Pink,Pink,Pink,Pink,Pink,Pink,Pink,Pink,Pink,82
Pink,Pink,Pink,Pink,Pink,Beige,Pink,Pink,Beige,Pink,83
Gray,Gray,Gray,Gray,Gray,Gray,Gray,Gray,Gray,Gray,84
Pink,Pink,Pink,Pink,Pink,Pink,Pink,Pink,Pink,Pink,85
Pink,Pink,Pink,Pink,Pink,Pink,Pink,Pink,Pink,Pink,86
Pink,Pink,Pink,Pink,Pink,Orange,Pink,Pink,Orange,Pink,87
Orange,Orange,Orange,Orange,Orange,Orange,Orange,Orange,Orange,Orange,88
Orange,Orange,Orange,Orange,Orange,Orange,Orange,Orange,Orange,Orange,89
Orange,Orange,Orange,Orange,Orange,Orange,Orange,Orange,Orange,Orange,90
Orange,Orange,Orange,Orange,Orange,Orange,Orange,Orange,Orange,Orange,91
Orange,Gold,Orange,Orange,Orange,Gold,Orange,Orange,Orange,Orange,92
Gold,Gold,Gold,Gold,Gold,Gold,Orange,Gold,Gold,Orange,93
Gold,Gold,Gold,Gold,Yellow,Gold,Gold,Gold,Gold,Gold,94
Gold,Gold,Yellow,Gold,Gold,Gold,Gold,Gold,Gold,Gold,95
Yellow,Yellow,Gold,Gold,Yellow,Gold,Yellow,Yellow,Yellow,Yellow,96
Yellow,Yellow,Yellow,Gold,Yellow,Yellow,Yellow,Yellow,Yellow,Yellow,97
Green,Green,Green,Green,Green,Green,Green,Green,Green,Green,98
Green,Green,Green,Green,Green,Green,Green,Green,Green,Green,99
Green,Green,Green,Green,Green,Green,Green,Green,Green,Green,100
Turquoise,Green,Green,Turquoise,Green,Green,Green,Green,Green,Green,101
Turquoise,Turquoise,Turquoise,Turquoise,Turquoise,Turquoise,Turquoise,Turquoise,Turquoise,Turquoise,102
Turquoise,Turquoise,Turquoise,Turquoise,Turquoise,Turquoise,Turquoise,Turquoise,Turquoise,Turquoise,103
Turquoise,Turquoise,Turquoise,Turquoise,Turquoise,Turquoise,Turquoise,Turquoise,Turquoise,Turquoise,104
Turquoise,Turquoise,Turquoise,Turquoise,Turquoise,Turquoise,Turquoise,Turquoise,Turquoise,Turquoise,105
Turquoise,Turquoise,Turquoise,Turquoise,Turquoise,Turquoise,Turquoise,Turquoise,Turquoise,Turquoise,106
Turquoise,Turquoise,Turquoise,Turquoise,Turquoise,Turquoise,Turquoise,Turquoise,Turquoise,Turquoise,107
Turquoise,Turquoise,Turquoise,Turquoise,Turquoise,Turquoise,Turquoise,Turquoise,Turquoise,Turquoise,108
Turquoise,Turquoise,Turquoise,Turquoise,Turquoise,Turquoise,Turquoise,Turquoise,Turquoise,Turquoise,109
Turquoise,Turquoise,Turquoise,Turquoise,Blue,Turquoise,Turquoise,Turquoise,Turquoise,Turquoise,110
Turquoise,Turquoise,Turquoise,Turquoise,Turquoise,Turquoise,Turquoise,Turquoise,Turquoise,Turquoise,111
Turquoise,Turquoise,Blue,Turquoise,Blue,Turquoise,Blue,Turquoise,Turquoise,Turquoise,112
Turquoise,Turquoise,Blue,Turquoise,Blue,Turquoise,Blue,Blue,Turquoise,Turquoise,113
Turquoise,Purple,Blue,Turquoise,Turquoise,Turquoise,Turquoise,Turquoise,Turquoise,Turquoise,114
Purple,Purple,Purple,Blue,Purple,Blue,Purple,Purple,Purple,Purple,115
Purple,Purple,Purple,Gray,Purple,Purple,Purple,Purple,Purple,Purple,116
Purple,Purple,Purple,Purple,Purple,Purple,Purple,Purple,Purple,Purple,117
Purple,Purple,Purple,Purple,Purple,Purple,Purple,Purple,Purple,Purple,118
Purple,Purple,Purple,Purple,Purple,Purple,Purple,Purple,Purple,Purple,119
Purple,Purple,Purple,Purple,Purple,Purple,Purple,Purple,Purple,Purple,120
Purple,Purple,Purple,Pink,Purple,Purple,Purple,Purple,Purple,Purple,121
Purple,Pink,Pink,Pink,Pink,Purple,Purple,Pink,Pink,Pink,122
Pink,Pink,Pink,Pink,Pink,Pink,Pink,Pink,Pink,Pink,123
Pink,Pink,Pink,Pink,Pink,Pink,Pink,Pink,Pink,Pink,124
Gray,Gray,Gray,Gray,Gray,Gray,Gray,Gray,Gray,Gray,125
Pink,Pink,Pink,Pink,Pink,Pink,Pink,Pink,Pink,Pink,126
Pink,Pink,Red,Pink,Pink,Red,Red,Red,Orange,Pink,127
Orange,Orange,Brown,Orange,Orange,Orange,Orange,Orange,Orange,Orange,128
Orange,Orange,Orange,Orange,Orange,Orange,Orange,Orange,Orange,Orange,129
Orange,Orange,Orange,Orange,Orange,Orange,Orange,Orange,Orange,Orange,130
Orange,Brown,Orange,Brown,Orange,Orange,Brown,Brown,Orange,Orange,131
Orange,Orange,Orange,Orange,Orange,Orange,Orange,Orange,Orange,Orange,132
Gold,Gold,Gold,Brown,Orange,Gold,Orange,Orange,Orange,Orange,133
Orange,Orange,Orange,Brown,Orange,Brown,Orange,Brown,Orange,Orange,134
Brown,Brown,Brown,Brown,Brown,Brown,Brown,Brown,Brown,Brown,135
Gold,Gold,Gold,Gold,Gold,Gold,Gold,Gold,Gold,Gold,136
Gold,Gold,Gold,Brown,Yellow,Gold,Gold,Gold,Yellow,Yellow,137
Gold,Yellow,Gold,Brown,Yellow,Gold,Yellow,Green,Green,Yellow,138
Green,Green,Green,Green,Green,Green,Green,Green,Green,Green,139
Green,Green,Green,Green,Green,Green,Green,Green,Green,Green,140
Green,Green,Green,Green,Green,Green,Green,Green,Green,Green,141
Green,Green,Green,Green,Green,Green,Green,Green,Green,Green,142
Turquoise,Turquoise,Turquoise,Turquoise,Green,Turquoise,Turquoise,Turquoise,Turquoise,Turquoise,143
Turquoise,Turquoise,Turquoise,Turquoise,Turquoise,Turquoise,Turquoise,Turquoise,Turquoise,Turquoise,144
Turquoise,Turquoise,Turquoise,Turquoise,Turquoise,Turquoise,Turquoise,Turquoise,Turquoise,Turquoise,145
Turquoise,Turquoise,Turquoise,Turquoise,Turquoise,Turquoise,Turquoise,Turquoise,Turquoise,Turquoise,146
Turquoise,Turquoise,Turquoise,Turquoise,Turquoise,Turquoise,Turquoise,Turquoise,Turquoise,Turquoise,147
Turquoise,Turquoise,Turquoise,Turquoise,Turquoise,Turquoise,Turquoise,Turquoise,Turquoise,Turquoise,148
Turquoise,Turquoise,Turquoise,Turquoise,Turquoise,Turquoise,Turquoise,Turquoise,Turquoise,Turquoise,149
Turquoise,Turquoise,Turquoise,Turquoise,Blue,Turquoise,Turquoise,Turquoise,Turquoise,Turquoise,150
Turquoise,Turquoise,Turquoise,Turquoise,Blue,Turquoise,Blue,Turquoise,Turquoise,Turquoise,151
Turquoise,Turquoise,Turquoise,Turquoise,Turquoise,Turquoise,Turquoise,Turquoise,Turquoise,Turquoise,152
Turquoise,Blue,Blue,Turquoise,Blue,Turquoise,Blue,Blue,Turquoise,Turquoise,153
Turquoise,Turquoise,Turquoise,Turquoise,Blue,Blue,Blue,Blue,Turquoise,Turquoise,154
Turquoise,Blue,Blue,Turquoise,Blue,Turquoise,Blue,Blue,Turquoise,Turquoise,155
Purple,Purple,Purple,Purple,Purple,Purple,Purple,Purple,Purple,Purple,156
Purple,Purple,Purple,Purple,Purple,Purple,Purple,Purple,Purple,Purple,157
Purple,Purple,Purple,Purple,Purple,Purple,Purple,Purple,Purple,Purple,158
Purple,Purple,Purple,Purple,Purple,Purple,Purple,Purple,Purple,Purple,159
Purple,Purple,Purple,Purple,Purple,Purple,Purple,Purple,Purple,Purple,160
Purple,Purple,Purple,Purple,Purple,Purple,Purple,Purple,Purple,Purple,161
Purple,Pink,Pink,Pink,Pink,Purple,Purple,Purple,Purple,Purple,162
Purple,Purple,Purple,Pink,Purple,Purple,Purple,Purple,Purple,Purple,163
Purple,Pink,Pink,Pink,Pink,Purple,Purple,Pink,Purple,Pink,164
Pink,Pink,Pink,Pink,Pink,Pink,Pink,Pink,Pink,Pink,165
Gray,Gray,Gray,Gray,Gray,Gray,Gray,Gray,Gray,Gray,166
Red,Pink,Red,Pink,Pink,Red,Pink,Pink,Red,Purple,167
Red,Red,Red,Red,Red,Red,Red,Red,Red,Red,168
Red,Red,Red,Red,Red,Red,Orange,Red,Orange,Red,169
Orange,Orange,Orange,Orange,Orange,Orange,Orange,Orange,Orange,Orange,170
Orange,Orange,Orange,Orange,Orange,Orange,Orange,Orange,Orange,Orange,171
Brown,Brown,Brown,Brown,Orange,Brown,Brown,Brown,Brown,Brown,172
Orange,Orange,Brown,Brown,Orange,Brown,Orange,Brown,Orange,Orange,173
Orange,Brown,Orange,Brown,Orange,Orange,Brown,Orange,Brown,Orange,174
Brown,Brown,Brown,Brown,Brown,Brown,Brown,Brown,Brown,Brown,175
Brown,Brown,Brown,Brown,Brown,Brown,Brown,Brown,Brown,Brown,176
Brown,Brown,Brown,Brown,Brown,Brown,Brown,Brown,Brown,Brown,177
Brown,Brown,Brown,Brown,Brown,Brown,Brown,Brown,Brown,Brown,178
Brown,Brown,Brown,Brown,Brown,Brown,Brown,Brown,Brown,Brown,179
Brown,Green,Brown,Brown,Brown,Brown,Brown,Green,Brown,Green,180
Green,Green,Green,Green,Green,Green,Green,Green,Green,Green,181
Green,Green,Green,Green,Green,Green,Green,Green,Green,Green,182
Green,Green,Green,Green,Green,Green,Green,Green,Green,Green,183
Turquoise,Green,Green,Turquoise,Green,Green,Green,Green,Turquoise,Green,184
Turquoise,Green,Green,Turquoise,Green,Green,Green,Green,Turquoise,Green,185
Turquoise,Green,Turquoise,Turquoise,Green,Green,Turquoise,Turquoise,Turquoise,Green,186
Turquoise,Turquoise,Turquoise,Turquoise,Turquoise,Turquoise,Turquoise,Turquoise,Turquoise,Turquoise,187
Turquoise,Turquoise,Turquoise,Turquoise,Turquoise,Turquoise,Turquoise,Turquoise,Turquoise,Turquoise,188
Turquoise,Turquoise,Turquoise,Turquoise,Turquoise,Turquoise,Turquoise,Turquoise,Turquoise,Turquoise,189
Turquoise,Turquoise,Turquoise,Turquoise,Turquoise,Turquoise,Turquoise,Turquoise,Turquoise,Turquoise,190
Turquoise,Turquoise,Blue,Turquoise,Blue,Turquoise,Turquoise,Turquoise,Turquoise,Turquoise,191
Turquoise,Turquoise,Blue,Turquoise,Blue,Turquoise,Turquoise,Turquoise,Turquoise,Turquoise,192
Turquoise,Turquoise,Turquoise,Turquoise,Blue,Turquoise,Blue,Turquoise,Turquoise,Turquoise,193
Turquoise,Turquoise,Blue,Turquoise,Turquoise,Turquoise,Turquoise,Turquoise,Turquoise,Turquoise,194
Blue,Blue,Blue,Turquoise,Blue,Blue,Blue,Blue,Blue,Blue,195
Blue,Blue,Blue,Blue,Blue,Blue,Blue,Blue,Blue,Blue,196
Purple,Purple,Purple,Purple,Purple,Purple,Purple,Purple,Purple,Purple,197
Purple,Purple,Purple,Purple,Purple,Purple,Purple,Purple,Purple,Purple,198
Purple,Purple,Purple,Purple,Purple,Purple,Purple,Purple,Purple,Purple,199
Purple,Purple,Purple,Purple,Purple,Purple,Purple,Purple,Purple,Purple,200
Purple,Purple,Purple,Purple,Purple,Purple,Purple,Purple,Purple,Purple,201
Purple,Purple,Purple,Purple,Purple,Purple,Purple,Purple,Purple,Purple,202
Purple,Purple,Purple,Pink,Purple,Purple,Purple,Purple,Purple,Purple,203
Purple,Purple,Purple,Purple,Purple,Purple,Purple,Purple,Purple,Purple,204
Purple,Purple,Purple,Purple,Purple,Purple,Purple,Purple,Purple,Purple,205
Purple,Purple,Purple,Pink,Pink,Purple,Purple,Pink,Purple,Pink,206
Gray,Gray,Gray,Gray,Gray,Gray,Gray,Gray,Gray,Gray,207
Purple,Red,Red,Red,Red,Red,Red,Red,Red,Red,208
Red,Red,Red,Red,Red,Red,Red,Red,Red,Red,209
Red,Red,Red,Red,Red,Red,Red,Red,Orange,Red,210
Orange,Orange,Orange,Brown,Orange,Brown,Brown,Brown,Orange,Orange,211
Brown,Brown,Brown,Brown,Brown,Brown,Brown,Brown,Brown,Brown,212
Brown,Brown,Brown,Brown,Brown,Brown,Brown,Brown,Brown,Brown,213
Brown,Brown,Brown,Brown,Brown,Brown,Brown,Brown,Brown,Brown,214
Brown,Brown,Brown,Brown,Brown,Brown,Brown,Brown,Brown,Brown,215
Brown,Brown,Brown,Brown,Brown,Brown,Brown,Brown,Brown,Brown,216
Brown,Brown,Brown,Brown,Brown,Brown,Brown,Brown,Brown,Brown,217
Brown,Brown,Brown,Brown,Brown,Brown,Brown,Brown,Brown,Brown,218
Brown,Brown,Brown,Brown,Brown,Brown,Brown,Brown,Brown,Brown,219
Brown,Brown,Brown,Brown,Brown,Brown,Brown,Brown,Brown,Brown,220
Brown,Brown,Brown,Brown,Brown,Brown,Brown,Brown,Brown,Brown,221
Green,Green,Green,Green,Green,Green,Green,Green,Green,Green,222
Green,Green,Green,Green,Green,Green,Green,Green,Green,Green,223
Green,Green,Green,Green,Green,Green,Green,Green,Green,Green,224
Green,Green,Green,Green,Green,Green,Green,Green,Green,Green,225
Turquoise,Green,Green,Turquoise,Green,Green,Green,Green,Green,Green,226
Turquoise,Turquoise,Turquoise,Turquoise,Turquoise,Turquoise,Turquoise,Turquoise,Turquoise,Turquoise,227
Turquoise,Turquoise,Turquoise,Turquoise,Green,Turquoise,Turquoise,Turquoise,Turquoise,Turquoise,228
Turquoise,Turquoise,Turquoise,Turquoise,Turquoise,Turquoise,Turquoise,Turquoise,Turquoise,Turquoise,229
Turquoise,Turquoise,Turquoise,Turquoise,Blue,Turquoise,Turquoise,Turquoise,Turquoise,Turquoise,230
Turquoise,Turquoise,Turquoise,Turquoise,Turquoise,Turquoise,Turquoise,Turquoise,Turquoise,Turquoise,231
Blue,Turquoise,Blue,Turquoise,Blue,Blue,Blue,Blue,Turquoise,Turquoise,232
Blue,Blue,Blue,Turquoise,Blue,Blue,Blue,Blue,Turquoise,Blue,233
Turquoise,Turquoise,Blue,Turquoise,Blue,Blue,Blue,Blue,Turquoise,Turquoise,234
Blue,Blue,Blue,Turquoise,Blue,Blue,Blue,Blue,Blue,Blue,235
Blue,Blue,Blue,Turquoise,Blue,Blue,Blue,Blue,Blue,Blue,236
Blue,Blue,Blue,Blue,Blue,Blue,Blue,Blue,Blue,Blue,237
Purple,Purple,Blue,Blue,Blue,Blue,Blue,Blue,Purple,Purple,238
Purple,Purple,Purple,Purple,Purple,Purple,Purple,Purple,Purple,Purple,239
Purple,Purple,Purple,Purple,Purple,Purple,Purple,Purple,Purple,Purple,240
Purple,Purple,Purple,Purple,Purple,Purple,Purple,Purple,Purple,Purple,241
Purple,Purple,Purple,Purple,Purple,Purple,Purple,Purple,Purple,Purple,242
Purple,Purple,Purple,Purple,Purple,Purple,Purple,Purple,Purple,Purple,243
Purple,Purple,Purple,Purple,Purple,Purple,Purple,Purple,Purple,Purple,244
Purple,Purple,Purple,Purple,Purple,Purple,Purple,Purple,Purple,Purple,245
Purple,Purple,Purple,Purple,Purple,Purple,Purple,Purple,Purple,Purple,246
Purple,Purple,Purple,Purple,Purple,Purple,Purple,Purple,Purple,Purple,247
Gray,Gray,Gray,Gray,Gray,Gray,Gray,Gray,Gray,Gray,248
Purple,Red,Brown,Brown,Red,Purple,Brown,Brown,Red,Red,249
Purple,Red,Brown,Brown,Red,Brown,Brown,Brown,Red,Purple,250
Red,Red,Red,Red,Red,Red,Red,Red,Red,Red,251
Brown,Brown,Brown,Brown,Brown,Brown,Brown,Brown,Brown,Brown,252
Brown,Brown,Brown,Brown,Brown,Brown,Brown,Brown,Brown,Brown,253
Brown,Brown,Brown,Brown,Brown,Brown,Brown,Brown,Brown,Brown,254
Brown,Brown,Brown,Brown,Brown,Brown,Brown,Brown,Brown,Brown,255
Brown,Brown,Brown,Brown,Brown,Brown,Brown,Brown,Brown,Brown,256
Brown,Brown,Brown,Brown,Brown,Brown,Brown,Brown,Brown,Brown,257
Brown,Brown,Brown,Brown,Brown,Brown,Brown,Brown,Brown,Brown,258
Brown,Brown,Brown,Brown,Brown,Brown,Brown,Brown,Brown,Brown,259
Brown,Brown,Brown,Brown,Brown,Brown,Brown,Brown,Brown,Brown,260
Brown,Brown,Brown,Brown,Brown,Brown,Brown,Brown,Brown,Brown,261
Brown,Brown,Brown,Brown,Brown,Brown,Brown,Green,Brown,Brown,262
Brown,Brown,Brown,Brown,Brown,Brown,Brown,Brown,Brown,Brown,263
Gray,Green,Green,Gray,Green,Green,Gray,Green,Green,Green,264
Green,Green,Green,Green,Green,Green,Green,Green,Green,Green,265
Green,Green,Green,Green,Green,Green,Green,Green,Green,Green,266
Green,Green,Green,Green,Green,Green,Green,Green,Green,Green,267
Green,Green,Green,Green,Green,Green,Green,Green,Green,Green,268
Turquoise,Green,Green,Turquoise,Green,Green,Green,Green,Turquoise,Green,269
Turquoise,Blue,Turquoise,Turquoise,Blue,Turquoise,Blue,Blue,Turquoise,Blue,270
Turquoise,Turquoise,Blue,Turquoise,Blue,Turquoise,Blue,Turquoise,Turquoise,Blue,271
Turquoise,Blue,Blue,Turquoise,Blue,Blue,Blue,Turquoise,Turquoise,Turquoise,272
Turquoise,Blue,Blue,Turquoise,Blue,Blue,Blue,Blue,Turquoise,Blue,273
Blue,Turquoise,Blue,Turquoise,Blue,Blue,Blue,Blue,Turquoise,Blue,274
Blue,Blue,Blue,Blue,Blue,Blue,Blue,Blue,Blue,Blue,275
Blue,Blue,Blue,Blue,Blue,Blue,Blue,Blue,Blue,Blue,276
Blue,Blue,Blue,Blue,Blue,Blue,Blue,Blue,Blue,Blue,277
Blue,Blue,Blue,Blue,Blue,Blue,Blue,Blue,Blue,Blue,278
Purple,Purple,Purple,Blue,Purple,Purple,Purple,Purple,Purple,Purple,279
Purple,Purple,Purple,Purple,Purple,Purple,Purple,Purple,Purple,Purple,280
Purple,Purple,Purple,Purple,Purple,Purple,Purple,Purple,Purple,Purple,281
Purple,Purple,Purple,Purple,Purple,Purple,Purple,Purple,Purple,Purple,282
Purple,Purple,Purple,Purple,Purple,Purple,Purple,Purple,Purple,Purple,283
Purple,Purple,Purple,Purple,Purple,Purple,Purple,Purple,Purple,Purple,284
Purple,Purple,Purple,Purple,Purple,Purple,Purple,Purple,Purple,Purple,285
Purple,Purple,Purple,Purple,Purple,Purple,Purple,Purple,Purple,Purple,286
Purple,Purple,Purple,Purple,Purple,Purple,Purple,Purple,Purple,Purple,287
Purple,Brown,Brown,Brown,Purple,Purple,Brown,Brown,Brown,Purple,288
Gray,Gray,Gray,Gray,Gray,Gray,Gray,Gray,Gray,Gray,289
Purple,Purple,Purple,Brown,Purple,Purple,Purple,Purple,Purple,Purple,290
Brown,Brown,Brown,Brown,Brown,Brown,Brown,Brown,Brown,Brown,291
Brown,Brown,Brown,Brown,Brown,Brown,Brown,Brown,Brown,Brown,292
Brown,Brown,Brown,Brown,Brown,Brown,Brown,Brown,Brown,Brown,293
Brown,Brown,Brown,Brown,Brown,Brown,Brown,Brown,Brown,Brown,294
Brown,Brown,Brown,Brown,Brown,Brown,Brown,Brown,Brown,Brown,295
Brown,Brown,Brown,Brown,Brown,Brown,Brown,Brown,Brown,Brown,296
Brown,Brown,Brown,Brown,Brown,Brown,Brown,Brown,Brown,Brown,297
Brown,Brown,Brown,Brown,Brown,Brown,Brown,Brown,Brown,Brown,298
Brown,Brown,Brown,Brown,Brown,Brown,Brown,Brown,Brown,Brown,299
Brown,Brown,Brown,Brown,Brown,Brown,Brown,Brown,Brown,Brown,300
Brown,Brown,Brown,Brown,Brown,Brown,Brown,Brown,Brown,Brown,301
Brown,Brown,Brown,Brown,Brown,Brown,Brown,Brown,Brown,Brown,302
Brown,Brown,Brown,Brown,Brown,Brown,Brown,Brown,Brown,Brown,303
Brown,Brown,Brown,Brown,Brown,Brown,Brown,Brown,Brown,Brown,304
Brown,Brown,Brown,Brown,Brown,Brown,Brown,Brown,Brown,Brown,305
Green,Green,Green,Green,Green,Green,Green,Green,Green,Green,306
Green,Green,Green,Green,Green,Green,Green,Green,Green,Green,307
Green,Green,Green,Green,Green,Green,Green,Green,Green,Green,308
Green,Green,Green,Green,Green,Green,Green,Green,Green,Green,309
Turquoise,Green,Green,Turquoise,Green,Green,Green,Green,Green,Green,310
Turquoise,Turquoise,Turquoise,Turquoise,Blue,Turquoise,Turquoise,Turquoise,Turquoise,Turquoise,311
Turquoise,Green,Green,Turquoise,Green,Green,Green,Green,Green,Turquoise,312
Blue,Blue,Blue,Turquoise,Blue,Blue,Blue,Blue,Turquoise,Blue,313
Blue,Blue,Blue,Turquoise,Blue,Blue,Blue,Blue,Turquoise,Blue,314
Turquoise,Turquoise,Blue,Turquoise,Blue,Green,Green,Turquoise,Turquoise,Green,315
Blue,Blue,Blue,Blue,Blue,Blue,Blue,Blue,Blue,Blue,316
Blue,Blue,Blue,Blue,Blue,Blue,Blue,Blue,Blue,Blue,317
Blue,Blue,Blue,Blue,Blue,Blue,Blue,Blue,Blue,Blue,318
Blue,Blue,Blue,Blue,Blue,Blue,Blue,Blue,Blue,Blue,319
Purple,Purple,Purple,Blue,Purple,Purple,Purple,Purple,Blue,Purple,320
Purple,Purple,Purple,Purple,Purple,Purple,Purple,Purple,Purple,Purple,321
Purple,Purple,Purple,Purple,Purple,Purple,Purple,Purple,Purple,Purple,322
Purple,Purple,Purple,Purple,Purple,Purple,Purple,Purple,Purple,Purple,323
Purple,Purple,Purple,Purple,Purple,Purple,Purple,Purple,Purple,Purple,324
Purple,Purple,Purple,Purple,Purple,Purple,Purple,Purple,Purple,Purple,325
Purple,Purple,Purple,Purple,Purple,Purple,Purple,Purple,Purple,Purple,326
Purple,Purple,Purple,Purple,Purple,Purple,Purple,Purple,Purple,Purple,327
Purple,Purple,Purple,Purple,Purple,Purple,Purple,Purple,Purple,Purple,328
Purple,Purple,Purple,Purple,Purple,Purple,Purple,Purple,Purple,Purple,329
Black,Gray,Black,Black,Gray,Black,Black,Gray,Black,Gray,330
