0,1,2,3,4,5,6,7,8,9,order
Gray,Gray,Gray,Gray,Gray,Gray,Gray,Gray,Gray,Gray,1
Gray,Gray,Gray,Gray,Gray,Gray,Gray,Gray,Gray,Gray,2
White,Beige,Beige,Beige,Gray,Beige,Beige,Silver,Beige,Beige,3
Beige,Beige,Beige,Beige,Beige,Beige,Beige,Beige,Beige,Beige,4
Beige,Beige,Beige,Beige,Beige,Beige,Beige,Beige,Beige,Beige,5
Beige,Beige,Beige,Beige,Beige,Beige,Beige,Beige,Beige,Beige,6
Pink,Beige,Beige,Beige,Pink,Beige,Beige,Pink,Pink,Beige,7
Beige,Beige,Beige,Beige,Pink,Beige,Pink,Pink,Beige,Beige,8
Beige,Beige,Beige,Beige,Beige,Beige,Beige,Beige,Beige,Beige,9
Beige,Beige,Beige,Beige,Beige,Beige,Beige,Beige,Beige,Beige,10
Yellow,Yellow,Gold,Yellow,Beige,Yellow,Gold,Gold,Gold,Yellow,11
Orange,Orange,Orange,Orange,Gold,Yellow,Orange,Gold,Gold,Orange,12
Yellow,Yellow,Yellow,Yellow,Gold,Yellow,Yellow,Gold,Yellow,Yellow,13
Yellow,Yellow,Beige,Yellow,Gold,Yellow,Yellow,Gold,Beige,Beige,14
Yellow,Yellow,Yellow,Yellow,Yellow,Yellow,Yellow,Yellow,Yellow,Yellow,15
Yellow,Yellow,Yellow,Gold,Yellow,Yellow,Orange,Gold,Yellow,Yellow,16
Beige,Gray,Beige,Gray,Gray,Turquoise,Turquoise,Turquoise,Turquoise,Beige,17
White,Turquoise,Turquoise,Turquoise,Turquoise,Turquoise,Turquoise,Turquoise,Turquoise,Turquoise,18
Turquoise,Turquoise,Turquoise,Turquoise,Turquoise,Turquoise,Turquoise,Turquoise,Turquoise,Turquoise,19
Turquoise,Yellow,Turquoise,Turquoise,Turquoise,Turquoise,Turquoise,Turquoise,Turquoise,Turquoise,20
Beige,Beige,Beige,Beige,Gray,Beige,Silver,Silver,Silver,Beige,21
Turquoise,Gray,Turquoise,Turquoise,Gray,Silver,Turquoise,Gray,Turquoise,Turquoise,22
Gray,Gray,Turquoise,Turquoise,Gray,Turquoise,Turquoise,Gray,Silver,Turquoise,23
Turquoise,Turquoise,Turquoise,Turquoise,Gray,Turquoise,Turquoise,Turquoise,Turquoise,Turquoise,24
Turquoise,Turquoise,Turquoise,Turquoise,Gray,Turquoise,Turquoise,Turquoise,Turquoise,Turquoise,25
White,White,White,White,Silver,White,White,White,White,Beige,26
White,Turquoise,Turquoise,Turquoise,Turquoise,Turquoise,Turquoise,Turquoise,Turquoise,Turquoise,27
Turquoise,Turquoise,Turquoise,Turquoise,Turquoise,Turquoise,Turquoise,Turquoise,Turquoise,Turquoise,28
White,Turquoise,Turquoise,Turquoise,Turquoise,Silver,Turquoise,Turquoise,Turquoise,Turquoise,29
Gray,Gray,Gray,Silver,Gray,Gray,Gray,Gray,Silver,Gray,30
White,Gray,White,Turquoise,Gray,White,Turquoise,White,Gray,Turquoise,31
White,Gray,White,Silver,Gray,Gray,Gray,Gray,Silver,Gray,32
Gray,Gray,Gray,Silver,Gray,Gray,Gray,Gray,Gray,Gray,33
White,Gray,Gray,Silver,Gray,Silver,Silver,Gray,White,Gray,34
White,White,error,Silver,Silver,Silver,Silver,Silver,White,Silver,35
Gray,Gray,Gray,Silver,Gray,Gray,Gray,error,error,Gray,36
Gray,Gray,Beige,White,Gray,Beige,Gray,Gray,Silver,Gray,37
Gray,Gray,error,error,Gray,error,Turquoise,error,Gray,Gray,38
Gray,error,Gray,error,Gray,error,Gray,Turquoise,Beige,error,39
Beige,Gray,Gray,error,Gray,Gray,Gray,Gray,Gray,Beige,40
Beige,Gray,Beige,Beige,Gray,Beige,Gray,Gray,Beige,Gray,41
Gray,Gray,Beige,Beige,Gray,Gray,Gray,Gray,Gray,Beige,42
Beige,Beige,Beige,Beige,Gray,Beige,Gray,Gray,Gray,Beige,43
Pink,Pink,Pink,Pink,Pink,Pink,Orange,Pink,Pink,Pink,44
Yellow,Yellow,Beige,Gold,Beige,Gold,Orange,Gold,Gold,Yellow,45
Orange,Orange,Orange,Gold,Gold,Gold,Orange,Gold,Orange,Orange,46
Orange,Orange,Orange,Orange,Orange,Orange,Orange,Orange,Orange,Orange,47
Yellow,Beige,Gold,Gold,Beige,Gold,Beige,Gold,Turquoise,Turquoise,48
Yellow,Orange,Orange,Orange,Gold,Gold,Orange,Gold,Yellow,Orange,49
Yellow,Yellow,Yellow,Yellow,Yellow,Yellow,Yellow,Yellow,Yellow,Orange,50
Orange,Yellow,Orange,Orange,Gold,Gold,Orange,Gold,Orange,Orange,51
Orange,Yellow,Orange,Gold,Yellow,Yellow,Orange,Gold,Yellow,Orange,52
Yellow,Yellow,Yellow,Gold,Gold,Yellow,Gold,Gold,Yellow,Yellow,53
Yellow,Yellow,Yellow,Yellow,Gold,Yellow,Yellow,Gold,Yellow,Yellow,54
Yellow,Yellow,Yellow,Gold,Gold,Gold,Orange,Gold,Gold,Yellow,55
Yellow,Yellow,Yellow,Green,Yellow,Yellow,Yellow,Yellow,Yellow,Yellow,56
Green,Green,Yellow,Green,Green,Yellow,Green,Turquoise,Green,Turquoise,57
Turquoise,Turquoise,Turquoise,Turquoise,Turquoise,Turquoise,Turquoise,Turquoise,Turquoise,Turquoise,58
Turquoise,Turquoise,Turquoise,Green,Turquoise,Turquoise,Turquoise,Turquoise,Turquoise,Turquoise,59
Green,Turquoise,Green,Green,Green,Yellow,Green,Green,Turquoise,Turquoise,60
Turquoise,Turquoise,Turquoise,Turquoise,Turquoise,Turquoise,Turquoise,Turquoise,Turquoise,Turquoise,61
Turquoise,Turquoise,Turquoise,Turquoise,Turquoise,Turquoise,Turquoise,Turquoise,Turquoise,Turquoise,62
Turquoise,Turquoise,Turquoise,Turquoise,Turquoise,Turquoise,Turquoise,Turquoise,Turquoise,Turquoise,63
Turquoise,Turquoise,Turquoise,Turquoise,Turquoise,Turquoise,Turquoise,Turquoise,Turquoise,Turquoise,64
Turquoise,Turquoise,Turquoise,Turquoise,Turquoise,Turquoise,Turquoise,Turquoise,Turquoise,Turquoise,65
Turquoise,Turquoise,Turquoise,Turquoise,Turquoise,Turquoise,Turquoise,Turquoise,Turquoise,Turquoise,66
Turquoise,Turquoise,Turquoise,Turquoise,Turquoise,Turquoise,Turquoise,Turquoise,Turquoise,Turquoise,67
Turquoise,Turquoise,Turquoise,Turquoise,Turquoise,Turquoise,Turquoise,Turquoise,Turquoise,Turquoise,68
Turquoise,Turquoise,Turquoise,Turquoise,Turquoise,Turquoise,Turquoise,Turquoise,Turquoise,Turquoise,69
Turquoise,Turquoise,Turquoise,Turquoise,Turquoise,Turquoise,Turquoise,Turquoise,Turquoise,Turquoise,70
Turquoise,Turquoise,Turquoise,Turquoise,Turquoise,Turquoise,Turquoise,Turquoise,Turquoise,Turquoise,71
Turquoise,Turquoise,Turquoise,Turquoise,Turquoise,Turquoise,Turquoise,Turquoise,Turquoise,Turquoise,72
Turquoise,Turquoise,Turquoise,Turquoise,Turquoise,Turquoise,Turquoise,Turquoise,Turquoise,Turquoise,73
Blue,Gray,error,Turquoise,Gray,Silver,Turquoise,Turquoise,Blue,error,74
Gray,Gray,Gray,Silver,Gray,Gray,Gray,Gray,Purple,Gray,75
Turquoise,Turquoise,Turquoise,Turquoise,Turquoise,Turquoise,Turquoise,Turquoise,Turquoise,Turquoise,76
error,error,error,error,error,error,error,error,error,error,77
Purple,error,error,error,error,error,error,Pink,error,error,78
Turquoise,Turquoise,Turquoise,Turquoise,Turquoise,Turquoise,Turquoise,Turquoise,Turquoise,Turquoise,79
Pink,Pink,Pink,Pink,Pink,Pink,Pink,Pink,Pink,Pink,80
Pink,Pink,Pink,Pink,Pink,Pink,Pink,Pink,Pink,Pink,81
Pink,Pink,Pink,Pink,Pink,Pink,Pink,Pink,Pink,Pink,82
Yellow,Yellow,Yellow,Gold,Beige,Orange,Orange,Gold,Gold,Yellow,83
Gray,Gray,Gray,Gray,Gray,Gray,Gray,Gray,Gray,Gray,84
Red,Orange,Brown,Red,Red,Pink,Orange,Red,Red,Orange,85
Red,Red,Red,Red,Red,Red,Red,Red,Red,Red,86
Red,Orange,Red,Red,Red,Red,Red,Red,Orange,Orange,87
Orange,Orange,Orange,Brown,Orange,Brown,Orange,Orange,Orange,Orange,88
Orange,Orange,Orange,Orange,Orange,Orange,Orange,Orange,Orange,Orange,89
Orange,Orange,Orange,Orange,Gold,Gold,Orange,Orange,Orange,Orange,90
Orange,Orange,Orange,Red,Gold,Orange,Orange,Orange,Orange,Orange,91
Orange,Orange,Orange,Gold,Gold,Yellow,Orange,Gold,Gold,Orange,92
Orange,Yellow,Yellow,Gold,Gold,Gold,Orange,Gold,Gold,Orange,93
Yellow,Yellow,Orange,Gold,Gold,Yellow,Orange,Gold,Orange,Yellow,94
Yellow,Yellow,Yellow,Gold,Yellow,Yellow,Orange,Gold,Yellow,Yellow,95
Beige,Yellow,Yellow,Green,Beige,Yellow,Yellow,Gold,Beige,Yellow,96
Green,Yellow,Yellow,Green,Yellow,Yellow,Gold,Green,Green,Yellow,97
Yellow,Yellow,Yellow,Yellow,Yellow,Yellow,Yellow,Yellow,Yellow,Yellow,98
Green,Green,Green,Green,Green,Green,Green,Green,Turquoise,Green,99
Green,Turquoise,Green,Green,Green,Green,Turquoise,Green,Turquoise,Green,100
Green,Turquoise,Turquoise,Green,Green,Green,Turquoise,Green,Turquoise,Turquoise,101
Green,Turquoise,Turquoise,Green,Turquoise,Turquoise,Turquoise,Turquoise,Turquoise,Turquoise,102
Turquoise,Turquoise,Turquoise,Turquoise,Turquoise,Turquoise,Turquoise,Turquoise,Turquoise,Turquoise,103
Turquoise,Turquoise,Turquoise,Turquoise,Turquoise,Turquoise,Turquoise,Turquoise,Turquoise,Turquoise,104
Turquoise,Turquoise,Turquoise,Turquoise,Turquoise,Turquoise,Turquoise,Turquoise,Turquoise,Turquoise,105
Turquoise,Turquoise,Turquoise,Turquoise,Turquoise,Turquoise,Turquoise,Turquoise,Turquoise,Turquoise,106
Turquoise,Turquoise,Turquoise,Turquoise,Turquoise,Turquoise,Turquoise,Turquoise,Turquoise,Turquoise,107
Turquoise,Turquoise,Turquoise,Turquoise,Turquoise,Turquoise,Turquoise,Turquoise,Turquoise,Turquoise,108
Turquoise,Turquoise,Turquoise,Turquoise,Turquoise,Turquoise,Turquoise,Turquoise,Turquoise,Turquoise,109
Turquoise,Turquoise,Turquoise,Turquoise,Turquoise,Turquoise,Turquoise,Turquoise,Turquoise,Turquoise,110
Turquoise,Turquoise,Turquoise,Turquoise,Turquoise,Turquoise,Turquoise,Turquoise,Turquoise,Turquoise,111
Turquoise,Turquoise,Turquoise,Turquoise,Turquoise,Turquoise,Turquoise,Turquoise,Turquoise,Turquoise,112
Turquoise,Turquoise,Turquoise,Turquoise,Turquoise,Turquoise,Turquoise,Turquoise,Turquoise,Turquoise,113
Turquoise,Turquoise,Turquoise,Turquoise,Turquoise,Turquoise,Turquoise,Turquoise,Turquoise,Turquoise,114
Turquoise,Turquoise,Turquoise,Turquoise,Turquoise,Turquoise,Turquoise,Turquoise,Turquoise,Turquoise,115
Turquoise,Turquoise,Turquoise,Turquoise,Turquoise,Turquoise,Turquoise,Turquoise,Turquoise,Turquoise,116
Purple,Purple,error,Purple,Purple,Purple,error,Purple,Purple,Purple,117
Turquoise,Turquoise,Turquoise,Turquoise,Turquoise,Turquoise,Turquoise,Turquoise,Turquoise,Turquoise,118
Purple,Pink,Purple,Purple,error,Purple,Purple,error,Purple,Purple,119
Pink,Pink,Purple,Purple,Pink,Pink,Purple,Pink,Pink,Purple,120
Purple,Pink,Pink,Purple,Pink,Purple,Pink,Pink,Purple,Purple,121
Purple,Purple,Pink,Purple,Purple,Purple,Purple,Purple,Purple,Purple,122
Pink,Pink,Pink,Pink,Pink,Pink,Pink,Pink,Pink,Pink,123
Pink,Pink,Pink,Pink,Pink,Pink,Pink,Pink,Pink,Pink,124
Gray,Gray,Gray,Gray,Gray,Gray,Gray,Gray,Gray,Gray,125
Red,Red,Red,Red,Red,Red,Red,Red,Red,Red,126
Red,Red,Red,Red,Red,Brown,Red,Red,Red,Red,127
Red,Red,Red,Red,Red,Red,Red,Red,Red,Red,128
Orange,Orange,Orange,Orange,Orange,Brown,Orange,Orange,Orange,Orange,129
Orange,Orange,Orange,Red,Gold,Red,Orange,Orange,Orange,Orange,130
Orange,Orange,Orange,Brown,Gold,Gold,Orange,Orange,Orange,Orange,131
Brown,Brown,Brown,Brown,Gold,Brown,Orange,Brown,Brown,Orange,132
Orange,Orange,Orange,Brown,Gold,Orange,Orange,Brown,Orange,Orange,133
Orange,Orange,Orange,Orange,Orange,Orange,Orange,Orange,Orange,Orange,134
Brown,Brown,Orange,Brown,Brown,Brown,Orange,Brown,Brown,Orange,135
Brown,Gold,Orange,Gold,Gold,Brown,Orange,Brown,Brown,Orange,136
Brown,Brown,Brown,Brown,Beige,Brown,Brown,Brown,Brown,Beige,137
Yellow,Yellow,Yellow,Brown,Gold,Yellow,Yellow,Gold,Brown,Yellow,138
Yellow,Yellow,Orange,Yellow,Yellow,Yellow,Orange,Yellow,Yellow,Yellow,139
Green,Green,Green,Green,Green,Green,Green,Green,Green,Green,140
Green,Green,Green,Green,Green,Green,Green,Green,Green,Green,141
Turquoise,Green,Turquoise,Turquoise,Turquoise,Green,Turquoise,Green,Turquoise,Turquoise,142
Green,Turquoise,Green,Green,Turquoise,Green,Turquoise,Turquoise,Turquoise,Turquoise,143
Turquoise,Turquoise,Turquoise,Green,Turquoise,Turquoise,Turquoise,Turquoise,Turquoise,Turquoise,144
Turquoise,Turquoise,Turquoise,Green,Turquoise,Turquoise,Turquoise,Turquoise,Turquoise,Turquoise,145
Green,Turquoise,Turquoise,Green,Turquoise,Turquoise,Turquoise,Turquoise,Turquoise,Turquoise,146
Turquoise,Turquoise,Turquoise,Turquoise,Turquoise,Turquoise,Turquoise,Turquoise,Turquoise,Turquoise,147
Turquoise,Turquoise,Turquoise,Turquoise,Turquoise,Turquoise,Turquoise,Turquoise,Turquoise,Turquoise,148
Turquoise,Turquoise,Turquoise,Turquoise,Turquoise,Turquoise,Turquoise,Turquoise,Turquoise,Turquoise,149
Turquoise,Turquoise,Turquoise,Turquoise,Turquoise,Turquoise,Turquoise,Turquoise,Turquoise,Turquoise,150
Turquoise,Turquoise,Turquoise,Turquoise,Turquoise,Turquoise,Turquoise,Turquoise,Turquoise,Turquoise,151
Turquoise,Turquoise,Turquoise,Turquoise,Turquoise,Turquoise,Turquoise,Turquoise,Turquoise,Turquoise,152
Blue,Turquoise,Turquoise,Blue,Turquoise,Turquoise,Turquoise,Turquoise,Blue,Turquoise,153
Turquoise,Turquoise,Turquoise,Turquoise,Turquoise,Turquoise,Turquoise,Turquoise,Turquoise,Turquoise,154
Turquoise,Turquoise,Turquoise,Turquoise,Turquoise,Turquoise,Turquoise,Turquoise,Turquoise,Turquoise,155
Turquoise,Turquoise,Turquoise,Turquoise,Turquoise,Turquoise,Turquoise,Turquoise,Turquoise,Turquoise,156
Purple,Purple,Purple,Purple,Purple,Purple,Purple,Purple,Purple,Purple,157
Turquoise,Turquoise,Turquoise,Turquoise,Turquoise,Turquoise,Turquoise,Turquoise,Purple,Purple,158
Purple,Purple,Purple,Purple,Turquoise,Purple,Purple,Purple,Purple,Purple,159
Purple,Purple,Purple,Purple,Purple,Purple,Purple,Purple,Purple,Purple,160
Purple,Purple,Purple,Purple,Purple,Purple,Purple,Purple,Purple,Purple,161
Purple,Pink,Pink,Purple,Purple,Purple,Purple,Purple,Purple,Purple,162
Pink,Pink,Pink,Pink,Pink,Pink,Pink,Pink,Pink,Red,163
Red,Red,Pink,Red,Red,Pink,Red,Red,Red,Red,164
Purple,Pink,Pink,Red,Pink,Red,Purple,Red,Purple,Red,165
Gray,Gray,Gray,Gray,Gray,Gray,Gray,Gray,Gray,Gray,166
Red,Red,Red,Red,Red,Red,Red,Red,Red,Red,167
Red,Red,Red,Red,Red,Red,Red,Red,Red,Red,168
Red,Red,Red,Red,Red,Red,Red,Red,Red,Red,169
Red,Red,Red,Red,Red,Red,Red,Red,Red,Red,170
Orange,Orange,Orange,Red,Orange,Brown,Orange,Orange,Brown,Orange,171
Orange,Orange,Orange,Orange,Gold,Red,Orange,Orange,Orange,Orange,172
Orange,Orange,Orange,Orange,Brown,Brown,Orange,Orange,Brown,Orange,173
Orange,Brown,Orange,Brown,Brown,Brown,Orange,Brown,Brown,Orange,174
Brown,Brown,Brown,Brown,Brown,Brown,Brown,Brown,Brown,Brown,175
Brown,Brown,Brown,Brown,Brown,Brown,Orange,Brown,Brown,Orange,176
Brown,Brown,Brown,Brown,Brown,Brown,Brown,Brown,Brown,Brown,177
Brown,Brown,Brown,Brown,Brown,Brown,Brown,Brown,Brown,Brown,178
Brown,Brown,Brown,Brown,Green,Brown,Brown,Beige,Brown,Beige,179
Green,Green,Green,Green,Green,Green,Green,Green,Turquoise,Green,180
Green,Green,Green,Green,Green,Green,Green,Green,Turquoise,Green,181
Green,Turquoise,Green,Green,Green,Green,Turquoise,Green,Green,Green,182
Green,Turquoise,Turquoise,Green,Green,Green,Turquoise,Green,Turquoise,Turquoise,183
Green,Turquoise,Turquoise,Green,Turquoise,Green,Turquoise,Turquoise,Turquoise,Green,184
Green,Turquoise,Turquoise,Green,Turquoise,Turquoise,Turquoise,Turquoise,Turquoise,Turquoise,185
Green,Turquoise,Turquoise,Green,Green,Turquoise,Turquoise,Turquoise,Turquoise,Turquoise,186
Turquoise,Turquoise,Turquoise,Turquoise,Turquoise,Turquoise,Turquoise,Turquoise,Turquoise,Turquoise,187
Turquoise,Turquoise,Turquoise,Turquoise,Turquoise,Turquoise,Turquoise,Turquoise,Turquoise,Turquoise,188
Turquoise,Turquoise,Turquoise,Turquoise,Turquoise,Turquoise,Turquoise,Turquoise,Turquoise,Turquoise,189
Blue,Turquoise,Turquoise,Blue,Blue,Turquoise,Turquoise,Turquoise,Turquoise,Turquoise,190
Blue,Turquoise,Turquoise,Green,Blue,Turquoise,Turquoise,Turquoise,Turquoise,Blue,191
Blue,Turquoise,Turquoise,Blue,Blue,Turquoise,Turquoise,Turquoise,Blue,Turquoise,192
Turquoise,Turquoise,Turquoise,Blue,Turquoise,Turquoise,Turquoise,Turquoise,Blue,Turquoise,193
Blue,Turquoise,Turquoise,Blue,Blue,Turquoise,Turquoise,Turquoise,Blue,Turquoise,194
Blue,Turquoise,Turquoise,Blue,Turquoise,Turquoise,Turquoise,Turquoise,Turquoise,Turquoise,195
Blue,Blue,Blue,Blue,Turquoise,Blue,Turquoise,Turquoise,Blue,Turquoise,196
Purple,Purple,Purple,Purple,Purple,Purple,Purple,Purple,Purple,Purple,197
Purple,Purple,Purple,Purple,Purple,Purple,Purple,Purple,Purple,Purple,198
Purple,Purple,Purple,Purple,Purple,Purple,Purple,Purple,Purple,Purple,199
Purple,Purple,Purple,Purple,Purple,Purple,Purple,Purple,Purple,Purple,200
Purple,Purple,Purple,Purple,Purple,Purple,Purple,Purple,Purple,Purple,201
Purple,Purple,Purple,Purple,Purple,Purple,Purple,Purple,Purple,Purple,202
Purple,Purple,Purple,Purple,Purple,Purple,Purple,Purple,Purple,Purple,203
Purple,Purple,Purple,Purple,Purple,Purple,Purple,Purple,Purple,Purple,204
Red,Red,Red,Red,Red,Red,Red,Red,Red,Red,205
Red,Red,Red,Red,Red,Red,Red,Red,Red,Red,206
Gray,Gray,Gray,Gray,Gray,Gray,Gray,Gray,Gray,Gray,207
Red,Red,Red,Red,Red,Red,Red,Red,Red,Red,208
Red,Red,Red,Red,Red,Red,Red,Red,Red,Red,209
Red,Red,Red,Red,Red,Red,Red,Red,Red,Red,210
Red,Red,Red,Red,Brown,Red,Red,Red,Red,Orange,211
Brown,Brown,Brown,Brown,Brown,Brown,Brown,Brown,Brown,Brown,212
Brown,Brown,Brown,Brown,Brown,Brown,Brown,Brown,Brown,Brown,213
Brown,Brown,Brown,Brown,Brown,Brown,Brown,Brown,Brown,Brown,214
Brown,Brown,Brown,Brown,Brown,Brown,Brown,Brown,Brown,Brown,215
Brown,Brown,Brown,Brown,Brown,Brown,Brown,Brown,Brown,Brown,216
Brown,Brown,Brown,Brown,Brown,Brown,Brown,Brown,Brown,Brown,217
Brown,Brown,Brown,Brown,Brown,Brown,Brown,Brown,Brown,Brown,218
Brown,Brown,Brown,Brown,Brown,Brown,Brown,Brown,Brown,Brown,219
Brown,Brown,Green,Brown,Brown,Green,Brown,Green,Brown,Green,220
Green,Green,Brown,Brown,Green,Green,Brown,Green,Green,Brown,221
Green,Green,Green,Green,Green,Green,Green,Green,Green,Green,222
Green,Green,Green,Green,Green,Green,Green,Green,Green,Green,223
Green,Turquoise,Green,Green,Green,Green,Turquoise,Green,Turquoise,Green,224
Blue,Turquoise,Green,Green,Blue,Green,Turquoise,Turquoise,Turquoise,Blue,225
Green,Turquoise,Green,Green,Green,Green,Turquoise,Green,Turquoise,Green,226
Green,Turquoise,Green,Green,Green,Green,Turquoise,Green,Turquoise,Green,227
Green,Turquoise,Turquoise,Green,Blue,Turquoise,Turquoise,Green,Turquoise,Blue,228
Green,Turquoise,Green,Green,Green,Green,Green,Green,Green,Green,229
Blue,Turquoise,Turquoise,Green,Blue,Turquoise,Turquoise,Turquoise,Turquoise,Turquoise,230
Blue,Turquoise,Blue,Blue,Blue,Blue,Blue,Turquoise,Blue,Blue,231
Blue,Turquoise,Blue,Blue,Blue,Turquoise,Turquoise,Turquoise,Blue,Blue,232
Blue,Turquoise,Turquoise,Blue,Blue,Turquoise,Turquoise,Turquoise,Blue,Blue,233
Blue,Turquoise,Blue,Blue,Blue,Blue,Blue,Blue,Blue,Blue,234
Blue,Turquoise,Turquoise,Blue,Blue,Blue,Turquoise,Turquoise,Blue,Blue,235
Blue,Turquoise,Blue,Blue,Blue,Blue,Blue,Turquoise,Blue,Blue,236
Blue,Turquoise,Blue,Blue,Blue,Blue,Turquoise,Turquoise,Blue,Blue,237
Blue,Purple,Blue,Purple,Turquoise,Blue,Purple,Blue,Blue,Blue,238
Purple,Purple,Purple,Purple,Purple,Purple,Purple,Purple,Purple,Purple,239
Purple,Purple,Purple,Purple,Purple,Purple,Purple,Purple,Purple,Purple,240
Purple,Purple,Purple,Purple,Purple,Purple,Purple,Purple,Purple,Purple,241
Purple,Purple,Purple,Purple,Purple,Purple,Purple,Purple,Purple,Purple,242
Purple,Purple,Purple,Purple,Purple,Purple,Purple,Purple,Purple,Purple,243
Purple,Purple,Purple,Purple,Purple,Purple,Purple,Purple,Purple,Purple,244
Purple,Purple,Purple,Purple,Purple,Purple,Purple,Purple,Purple,Purple,245
Red,Red,Purple,Red,Red,Purple,Red,Purple,Red,Red,246
Red,Red,Red,Red,Red,Red,Red,Red,Red,Red,247
Gray,Black,Gray,Gray,Gray,Gray,Gray,Black,Black,Gray,248
Brown,Brown,Brown,Brown,Red,Brown,Brown,Black,Brown,Black,249
Brown,Red,Red,Purple,Red,Red,Red,Brown,Red,Red,250
Red,Red,Red,Red,Red,Red,Red,Red,Red,Red,251
Red,Brown,Brown,Brown,Brown,Red,Brown,Brown,Brown,Brown,252
Brown,Brown,Brown,Brown,Brown,Brown,Brown,Brown,Brown,Brown,253
Brown,Brown,Brown,Brown,Brown,Brown,Brown,Brown,Brown,Brown,254
Brown,Brown,Brown,Brown,Brown,Brown,Brown,Brown,Brown,Brown,255
Brown,Brown,Brown,Brown,Brown,Brown,Brown,Brown,Brown,Brown,256
Brown,Brown,Brown,Brown,Brown,Brown,Brown,Brown,Brown,Brown,257
Brown,Brown,Brown,Brown,Brown,Green,Brown,Brown,Brown,Brown,258
Brown,Brown,Brown,Brown,Gray,Gray,Gray,Gray,Brown,Gray,259
Brown,Brown,Brown,Brown,Brown,Brown,Brown,Brown,Brown,Brown,260
Gray,Gray,Brown,Gray,Gray,Gray,Gray,Gray,Gray,Gray,261
Brown,Gray,Gray,Gray,Gray,Gray,Gray,Gray,Gray,Gray,262
Green,Green,Green,Green,Green,Green,Green,Green,Green,Green,263
Brown,Gray,Brown,Gray,Gray,Gray,Gray,Gray,Brown,Gray,264
Green,Turquoise,Green,Green,Green,Green,Green,Green,Green,Green,265
Green,Turquoise,Green,Green,Blue,Green,Turquoise,Green,Green,Green,266
Green,Turquoise,Green,Green,Turquoise,Green,Turquoise,Green,Turquoise,Green,267
Blue,Turquoise,Blue,Green,Blue,Blue,Blue,Green,Blue,Blue,268
Green,Turquoise,Green,Green,Blue,Green,Green,Green,Turquoise,Green,269
Blue,Turquoise,Blue,Green,Turquoise,Turquoise,Turquoise,Turquoise,Turquoise,Blue,270
Blue,Turquoise,Blue,Blue,Blue,Blue,Blue,Turquoise,Blue,Blue,271
Blue,Turquoise,Blue,Blue,Blue,Blue,Blue,Turquoise,Blue,Blue,272
Blue,Blue,Blue,Blue,Blue,Blue,Blue,Blue,Blue,Blue,273
Blue,Turquoise,Blue,Blue,Blue,Blue,Blue,Turquoise,Blue,Blue,274
Blue,Turquoise,Blue,Green,Blue,Blue,Turquoise,Blue,Blue,Blue,275
Blue,Turquoise,Blue,Blue,Blue,Blue,Blue,Blue,Blue,Blue,276
Blue,Turquoise,Blue,Blue,Blue,Blue,Blue,Blue,Blue,Blue,277
Blue,Turquoise,Blue,Blue,Blue,Blue,Blue,Blue,Blue,Blue,278
Purple,Blue,Purple,Blue,Purple,Blue,Blue,Blue,Blue,Purple,279
Purple,Purple,Purple,Purple,Purple,Purple,Purple,Purple,Purple,Purple,280
Purple,Purple,Purple,Purple,Purple,Purple,Purple,Purple,Purple,Purple,281
Purple,Purple,Purple,Purple,Purple,Purple,Purple,Purple,Purple,Purple,282
Purple,Purple,Purple,Purple,Purple,Purple,Purple,Purple,Purple,Purple,283
Purple,Purple,Purple,Purple,Purple,Purple,Purple,Purple,Purple,Purple,284
Purple,Purple,Purple,Purple,Purple,Purple,Purple,Purple,Purple,Purple,285
Red,Red,Red,Brown,Red,Red,Red,Red,Red,Red,286
Purple,Purple,Purple,Purple,Purple,Purple,Purple,Purple,Purple,Purple,287
Purple,Red,Purple,Red,Purple,Red,Red,Red,Purple,Purple,288
Black,Black,Black,Black,Gray,Black,Black,Black,Black,Gray,289
Purple,Purple,Purple,Purple,Purple,Purple,Purple,Purple,Purple,Purple,290
Red,Red,Red,Brown,Red,Brown,Red,Red,Red,Red,291
Brown,Brown,Brown,Red,Brown,Red,Brown,Red,Red,Brown,292
Brown,Brown,Brown,Brown,Brown,Red,Brown,Brown,Brown,Brown,293
Brown,Brown,Brown,Brown,Brown,Brown,Brown,Brown,Brown,Brown,294
Brown,Brown,Brown,Brown,Brown,Brown,Brown,Brown,Brown,Brown,295
Brown,Brown,Brown,Brown,Brown,Brown,Brown,Brown,Brown,Brown,296
Brown,Brown,Brown,Brown,Brown,Brown,Brown,Brown,Brown,Brown,297
Brown,Black,Brown,Brown,Gray,Gray,Brown,Black,Gray,Gray,298
Brown,Gray,Brown,Gray,Gray,Gray,Brown,Black,Gray,Gray,299
Brown,Gray,Brown,Brown,Gray,Gray,Gray,Black,Gray,Gray,300
Gray,Black,Black,Black,Gray,Gray,Black,Black,Black,Gray,301
Gray,Gray,Black,Gray,Gray,Gray,Gray,Black,Black,Gray,302
Brown,Gray,Brown,Brown,Gray,Gray,Gray,Black,Gray,Gray,303
Gray,Gray,Green,Brown,Gray,Gray,Green,Gray,Gray,Gray,304
Green,Green,Green,Green,Gray,Green,Green,Green,Green,Green,305
Gray,Gray,Black,Gray,Gray,Gray,Gray,Black,Gray,Gray,306
Green,Green,Green,Green,Green,Green,Green,Green,Green,Green,307
Brown,Gray,Green,Green,Gray,Gray,Green,Green,Blue,Green,308
Green,Green,Green,Green,Blue,Green,Blue,Green,Blue,Green,309
Blue,Blue,Blue,Blue,Blue,Blue,Blue,Blue,Blue,Blue,310
Gray,Gray,Black,Black,Gray,Black,Gray,Black,Black,Gray,311
Gray,Gray,Blue,Blue,Gray,Blue,Gray,Blue,Blue,Blue,312
Blue,Turquoise,Blue,Blue,Blue,Blue,Blue,Blue,Blue,Blue,313
Blue,Turquoise,Blue,Blue,Gray,Blue,Blue,Blue,Blue,Blue,314
Blue,Blue,Blue,Blue,Blue,Blue,Blue,Black,Blue,Blue,315
Blue,Blue,Blue,Blue,Blue,Blue,Blue,Blue,Blue,Blue,316
Blue,Blue,Blue,Blue,Blue,Blue,Blue,Blue,Blue,Blue,317
Blue,Turquoise,Blue,Blue,Blue,Blue,Blue,Blue,Blue,Blue,318
Blue,Blue,Blue,Blue,Blue,Blue,Blue,Blue,Blue,Blue,319
Black,Black,Black,Black,Black,Black,Black,Black,Black,Black,320
Black,Gray,Black,Black,Gray,Blue,Black,Black,Black,Purple,321
Purple,Purple,Purple,Purple,Purple,Purple,Purple,Purple,Purple,Purple,322
Purple,Purple,Purple,Purple,Purple,Purple,Purple,Purple,Purple,Purple,323
Purple,Purple,Purple,Purple,Gray,Purple,Purple,Purple,Purple,Purple,324
Purple,Purple,Purple,Purple,Purple,Purple,Purple,Purple,Purple,Purple,325
Black,Black,Red,Black,Gray,Purple,Red,Black,Purple,Purple,326
Red,Red,Red,Red,Purple,Purple,Red,Red,Purple,Red,327
Purple,Purple,Purple,Purple,Purple,Purple,Purple,Purple,Purple,Purple,328
Purple,Purple,Red,Purple,Purple,Purple,Purple,Purple,Purple,Purple,329
Black,Black,Black,Black,Black,Black,Black,Black,Black,Black,330